Category,Total_Revenue,Total_Profit,Average_discount
Furniture,3859215.2289,18451.2728,0.1739226779820839
Office Supplies,3548585.318,122490.8008,0.15728509790906076
Technology,4080261.525,145454.9481,0.1323226854358419
